/adventures-in-test-automation-land /blog/adventures-in-test-automation-land 301
/apis-with-context /blog/apis-with-context 301
/boltons-new-agile-ecosystem /blog/boltons-new-agile-ecosystem 301
/cast-2014 /blog/cast-2014 301
/changing-gears /blog/changing-gears 301
/classification-of-software-features /blog/classification-of-software-features 301
/context-drive-testing-the-awakening /blog/context-drive-testing-the-awakening 301
/gathers-no-moss /blog/gathers-no-moss 301
/heuristic-for-selecting-a-trainer /blog/heuristic-for-selecting-a-trainer 301
/informed-failure /blog/informed-failure 301
/javascript-unit-testing-2019 /blog/javascript-unit-testing-2019 301
/javascript-unit-testing /blog/javascript-unit-testing 301
/learning-and-assimilating /blog/learning-and-assimilating 301
/peri-mortem /blog/peri-mortem 301
/recent-reading-agile-test-quadrants /blog/recent-reading-agile-test-quadrants 301
/research-session-javascript-unit-testing /blog/research-session-javascript-unit-testing 301
/research-session-js-ut-experimentation /blog/research-session-js-ut-experimentation 301
/research-session-reporting-outputs-of-automation /blog/research-session-reporting-outputs-of-automation 301
/running-a-retrospective /blog/running-a-retrospective 301
/selenium-workshop /blog/selenium-workshop 301
/staff-ranking /blog/staff-ranking 301
/test-sessions-research-sessions /blog/test-sessions-research-sessions 301
/virtual-and-physical /blog/virtual-and-physical 301
